{
  "hash": "f6516f4c",
  "configHash": "fc126114",
  "lockfileHash": "1fbc6218",
  "browserHash": "41686b4b",
  "optimized": {
    "vue": {
      "src": "../../../../node_modules/.pnpm/vue@3.4.27/node_modules/vue/dist/vue.runtime.esm-bundler.js",
      "file": "vue.js",
      "fileHash": "2f2ca45e",
      "needsInterop": false
    },
    "vitepress > @vue/devtools-api": {
      "src": "../../../../node_modules/.pnpm/@vue+devtools-api@7.2.1_vue@3.4.27/node_modules/@vue/devtools-api/dist/index.js",
      "file": "vitepress___@vue_devtools-api.js",
      "fileHash": "e6879b08",
      "needsInterop": false
    },
    "vitepress > @vueuse/core": {
      "src": "../../../../node_modules/.pnpm/@vueuse+core@10.9.0_vue@3.4.27/node_modules/@vueuse/core/index.mjs",
      "file": "vitepress___@vueuse_core.js",
      "fileHash": "30b93da3",
      "needsInterop": false
    },
    "vitepress > @vueuse/integrations/useFocusTrap": {
      "src": "../../../../node_modules/.pnpm/@vueuse+integrations@10.9.0_f233d378490622e7666caadb8b4563ff/node_modules/@vueuse/integrations/useFocusTrap.mjs",
      "file": "vitepress___@vueuse_integrations_useFocusTrap.js",
      "fileHash": "65d50214",
      "needsInterop": false
    },
    "vitepress > mark.js/src/vanilla.js": {
      "src": "../../../../node_modules/.pnpm/mark.js@8.11.1/node_modules/mark.js/src/vanilla.js",
      "file": "vitepress___mark__js_src_vanilla__js.js",
      "fileHash": "7066dc02",
      "needsInterop": false
    },
    "vitepress > minisearch": {
      "src": "../../../../node_modules/.pnpm/minisearch@6.3.0/node_modules/minisearch/dist/es/index.js",
      "file": "vitepress___minisearch.js",
      "fileHash": "5c32cb2a",
      "needsInterop": false
    }
  },
  "chunks": {
    "chunk-BMUHQTAX": {
      "file": "chunk-BMUHQTAX.js"
    },
    "chunk-D4D2XWKF": {
      "file": "chunk-D4D2XWKF.js"
    }
  }
}